Type,Name,Request Count,Failure Count,Median Response Time,Average Response Time,Min Response Time,Max Response Time,Average Content Size,Requests/s,Failures/s,50%,66%,75%,80%,90%,95%,98%,99%,99.9%,99.99%,100%
POST,/onnx/search [all],10,0,170.0,182.93369689999963,126.66671300007692,238.76188600002024,798.3,39.417557115603294,0.0,180,230,230,230,240,240,240,240,240,240,240
,Aggregated,10,0,170.0,182.93369689999963,126.66671300007692,238.76188600002024,798.3,39.417557115603294,0.0,180,230,230,230,240,240,240,240,240,240,240
