Type,Name,Request Count,Failure Count,Median Response Time,Average Response Time,Min Response Time,Max Response Time,Average Content Size,Requests/s,Failures/s,50%,66%,75%,80%,90%,95%,98%,99%,99.9%,99.99%,100%
POST,/onnx/search [all],5,0,100,99.37037079998845,80.46179699977074,119.89333900055499,735.6,38.993204109143306,0.0,100,110,110,120,120,120,120,120,120,120,120
,Aggregated,5,0,100,99.37037079998845,80.46179699977074,119.89333900055499,735.6,38.993204109143306,0.0,100,110,110,120,120,120,120,120,120,120,120
