Type,Name,Request Count,Failure Count,Median Response Time,Average Response Time,Min Response Time,Max Response Time,Average Content Size,Requests/s,Failures/s,50%,66%,75%,80%,90%,95%,98%,99%,99.9%,99.99%,100%
POST,/onnx/search [all],10,0,130.0,135.87987499995506,126.79751399991801,156.18800700030988,685.4,60.602309193862766,0.0,130,140,140,150,160,160,160,160,160,160,160
,Aggregated,10,0,130.0,135.87987499995506,126.79751399991801,156.18800700030988,685.4,60.602309193862766,0.0,130,140,140,150,160,160,160,160,160,160,160
