Type,Name,Request Count,Failure Count,Median Response Time,Average Response Time,Min Response Time,Max Response Time,Average Content Size,Requests/s,Failures/s,50%,66%,75%,80%,90%,95%,98%,99%,99.9%,99.99%,100%
POST,/onnx/search [all],10,0,130.0,133.03386629995657,106.91824600144173,145.59162799923797,729.5,63.06550729170269,0.0,130,140,140,150,150,150,150,150,150,150,150
,Aggregated,10,0,130.0,133.03386629995657,106.91824600144173,145.59162799923797,729.5,63.06550729170269,0.0,130,140,140,150,150,150,150,150,150,150,150
