Type,Name,Request Count,Failure Count,Median Response Time,Average Response Time,Min Response Time,Max Response Time,Average Content Size,Requests/s,Failures/s,50%,66%,75%,80%,90%,95%,98%,99%,99.9%,99.99%,100%
POST,/onnx/search [all],1,0,58.77744999997958,58.77744999997958,58.77744999997958,58.77744999997958,651.0,16.687968743161573,0.0,59,59,59,59,59,59,59,59,59,59,59
,Aggregated,1,0,58.77744999997958,58.77744999997958,58.77744999997958,58.77744999997958,651.0,16.687968743161573,0.0,59,59,59,59,59,59,59,59,59,59,59
