Type,Name,Request Count,Failure Count,Median Response Time,Average Response Time,Min Response Time,Max Response Time,Average Content Size,Requests/s,Failures/s,50%,66%,75%,80%,90%,95%,98%,99%,99.9%,99.99%,100%
POST,/onnx/search [all],15,3,160.0,159.24768020001162,141.7325760012318,203.09139500022866,573.9333333333333,69.77064189661253,13.954128379322505,160,160,170,170,170,200,200,200,200,200,200
,Aggregated,15,3,160.0,159.24768020001162,141.7325760012318,203.09139500022866,573.9333333333333,69.77064189661253,13.954128379322505,160,160,170,170,170,200,200,200,200,200,200
