Type,Name,Request Count,Failure Count,Median Response Time,Average Response Time,Min Response Time,Max Response Time,Average Content Size,Requests/s,Failures/s,50%,66%,75%,80%,90%,95%,98%,99%,99.9%,99.99%,100%
POST,/onnx/search [all],10,0,160.0,160.72235010005897,121.34934700043232,204.17063400054758,713.8,47.35356345301454,0.0,160,170,180,180,200,200,200,200,200,200,200
,Aggregated,10,0,160.0,160.72235010005897,121.34934700043232,204.17063400054758,713.8,47.35356345301454,0.0,160,170,180,180,200,200,200,200,200,200,200
