Type,Name,Request Count,Failure Count,Median Response Time,Average Response Time,Min Response Time,Max Response Time,Average Content Size,Requests/s,Failures/s,50%,66%,75%,80%,90%,95%,98%,99%,99.9%,99.99%,100%
POST,/onnx/search [all],5,0,87,94.2809580003086,84.27846900121949,121.23836600039795,742.6,38.71662848207478,0.0,87,94,94,120,120,120,120,120,120,120,120
,Aggregated,5,0,87,94.2809580003086,84.27846900121949,121.23836600039795,742.6,38.71662848207478,0.0,87,94,94,120,120,120,120,120,120,120,120
