Type,Name,Request Count,Failure Count,Median Response Time,Average Response Time,Min Response Time,Max Response Time,Average Content Size,Requests/s,Failures/s,50%,66%,75%,80%,90%,95%,98%,99%,99.9%,99.99%,100%
POST,/onnx/search [all],10,0,140.0,152.83614800009673,128.15361200046027,183.7052950013458,715.5,51.15790963001632,0.0,150,160,180,180,180,180,180,180,180,180,180
,Aggregated,10,0,140.0,152.83614800009673,128.15361200046027,183.7052950013458,715.5,51.15790963001632,0.0,150,160,180,180,180,180,180,180,180,180,180
