Type,Name,Request Count,Failure Count,Median Response Time,Average Response Time,Min Response Time,Max Response Time,Average Content Size,Requests/s,Failures/s,50%,66%,75%,80%,90%,95%,98%,99%,99.9%,99.99%,100%
POST,/onnx/search [all],1,0,66.76683600016986,66.76683600016986,66.76683600016986,66.76683600016986,718.0,14.7339164646784,0.0,67,67,67,67,67,67,67,67,67,67,67
,Aggregated,1,0,66.76683600016986,66.76683600016986,66.76683600016986,66.76683600016986,718.0,14.7339164646784,0.0,67,67,67,67,67,67,67,67,67,67,67
