Type,Name,Request Count,Failure Count,Median Response Time,Average Response Time,Min Response Time,Max Response Time,Average Content Size,Requests/s,Failures/s,50%,66%,75%,80%,90%,95%,98%,99%,99.9%,99.99%,100%
POST,/onnx/search [all],1,0,136.20746500009773,136.20746500009773,136.20746500009773,136.20746500009773,876.0,7.282523730729363,0.0,140,140,140,140,140,140,140,140,140,140,140
,Aggregated,1,0,136.20746500009773,136.20746500009773,136.20746500009773,136.20746500009773,876.0,7.282523730729363,0.0,140,140,140,140,140,140,140,140,140,140,140
