Type,Name,Request Count,Failure Count,Median Response Time,Average Response Time,Min Response Time,Max Response Time,Average Content Size,Requests/s,Failures/s,50%,66%,75%,80%,90%,95%,98%,99%,99.9%,99.99%,100%
POST,/onnx/search [all],15,4,160.0,158.039096266657,143.4753039993666,180.25813399981416,535.8666666666667,75.3987900635648,20.106344016950615,160,160,170,170,180,180,180,180,180,180,180
,Aggregated,15,4,160.0,158.039096266657,143.4753039993666,180.25813399981416,535.8666666666667,75.3987900635648,20.106344016950615,160,160,170,170,180,180,180,180,180,180,180
