Type,Name,Request Count,Failure Count,Median Response Time,Average Response Time,Min Response Time,Max Response Time,Average Content Size,Requests/s,Failures/s,50%,66%,75%,80%,90%,95%,98%,99%,99.9%,99.99%,100%
POST,/onnx/search [all],5,0,89,86.88517540012981,71.68692899995222,98.88658300042152,823.6,47.63980827332409,0.0,89,94,94,99,99,99,99,99,99,99,99
,Aggregated,5,0,89,86.88517540012981,71.68692899995222,98.88658300042152,823.6,47.63980827332409,0.0,89,94,94,99,99,99,99,99,99,99,99
