Type,Name,Request Count,Failure Count,Median Response Time,Average Response Time,Min Response Time,Max Response Time,Average Content Size,Requests/s,Failures/s,50%,66%,75%,80%,90%,95%,98%,99%,99.9%,99.99%,100%
POST,/onnx/search [all],5,0,150.0,153.41598999984853,85.47921099943778,239.67076400003862,755.0,20.119846881505858,0.0,150,180,180,240,240,240,240,240,240,240,240
,Aggregated,5,0,150.0,153.41598999984853,85.47921099943778,239.67076400003862,755.0,20.119846881505858,0.0,150,180,180,240,240,240,240,240,240,240,240
