Type,Name,Request Count,Failure Count,Median Response Time,Average Response Time,Min Response Time,Max Response Time,Average Content Size,Requests/s,Failures/s,50%,66%,75%,80%,90%,95%,98%,99%,99.9%,99.99%,100%
POST,/onnx/search [all],10,0,150.0,155.5966299999909,131.6366339999604,188.02938899989385,733.1,50.87840772073005,0.0,160,160,170,170,190,190,190,190,190,190,190
,Aggregated,10,0,150.0,155.5966299999909,131.6366339999604,188.02938899989385,733.1,50.87840772073005,0.0,160,160,170,170,190,190,190,190,190,190,190
