Type,Name,Request Count,Failure Count,Median Response Time,Average Response Time,Min Response Time,Max Response Time,Average Content Size,Requests/s,Failures/s,50%,66%,75%,80%,90%,95%,98%,99%,99.9%,99.99%,100%
POST,/onnx/search [all],1,0,79.54295399940747,79.54295399940747,79.54295399940747,79.54295399940747,694.0,12.409256859508044,0.0,80,80,80,80,80,80,80,80,80,80,80
,Aggregated,1,0,79.54295399940747,79.54295399940747,79.54295399940747,79.54295399940747,694.0,12.409256859508044,0.0,80,80,80,80,80,80,80,80,80,80,80
