Type,Name,Request Count,Failure Count,Median Response Time,Average Response Time,Min Response Time,Max Response Time,Average Content Size,Requests/s,Failures/s,50%,66%,75%,80%,90%,95%,98%,99%,99.9%,99.99%,100%
POST,/onnx/search [all],5,0,160.0,696.6443372000867,77.48094099952141,2906.4178090002315,709.8,1.7156975355304451,0.0,160,200,200,2900,2900,2900,2900,2900,2900,2900,2900
,Aggregated,5,0,160.0,696.6443372000867,77.48094099952141,2906.4178090002315,709.8,1.7156975355304451,0.0,160,200,200,2900,2900,2900,2900,2900,2900,2900,2900
