Type,Name,Request Count,Failure Count,Median Response Time,Average Response Time,Min Response Time,Max Response Time,Average Content Size,Requests/s,Failures/s,50%,66%,75%,80%,90%,95%,98%,99%,99.9%,99.99%,100%
POST,/pytorch/search [all],15,0,160.0,183.22340640000525,134.68993099991167,265.58487000011155,734.8,52.82458822729299,0.0,160,170,250,260,270,270,270,270,270,270,270
,Aggregated,15,0,160.0,183.22340640000525,134.68993099991167,265.58487000011155,734.8,52.82458822729299,0.0,160,170,250,260,270,270,270,270,270,270,270
