Type,Name,Request Count,Failure Count,Median Response Time,Average Response Time,Min Response Time,Max Response Time,Average Content Size,Requests/s,Failures/s,50%,66%,75%,80%,90%,95%,98%,99%,99.9%,99.99%,100%
POST,/onnx/search [all],5,0,140.0,151.1734637999325,74.27490100053546,235.62878600023396,727.2,20.484841144098507,0.0,140,200,200,240,240,240,240,240,240,240,240
,Aggregated,5,0,140.0,151.1734637999325,74.27490100053546,235.62878600023396,727.2,20.484841144098507,0.0,140,200,200,240,240,240,240,240,240,240,240
