Type,Name,Request Count,Failure Count,Median Response Time,Average Response Time,Min Response Time,Max Response Time,Average Content Size,Requests/s,Failures/s,50%,66%,75%,80%,90%,95%,98%,99%,99.9%,99.99%,100%
POST,/onnx/search [all],10,0,140.0,140.28571309991094,113.82374899949355,167.54164099984337,738.8,56.671512806239086,0.0,140,140,150,160,170,170,170,170,170,170,170
,Aggregated,10,0,140.0,140.28571309991094,113.82374899949355,167.54164099984337,738.8,56.671512806239086,0.0,140,140,150,160,170,170,170,170,170,170,170
