Type,Name,Request Count,Failure Count,Median Response Time,Average Response Time,Min Response Time,Max Response Time,Average Content Size,Requests/s,Failures/s,50%,66%,75%,80%,90%,95%,98%,99%,99.9%,99.99%,100%
POST,/onnx/search [all],5,0,100.0,99.36199960029626,92.49060100046336,109.426095001254,784.2,45.06941519311608,0.0,100,100,100,110,110,110,110,110,110,110,110
,Aggregated,5,0,100.0,99.36199960029626,92.49060100046336,109.426095001254,784.2,45.06941519311608,0.0,100,100,100,110,110,110,110,110,110,110,110
