Type,Name,Request Count,Failure Count,Median Response Time,Average Response Time,Min Response Time,Max Response Time,Average Content Size,Requests/s,Failures/s,50%,66%,75%,80%,90%,95%,98%,99%,99.9%,99.99%,100%
POST,/onnx/search [all],5,0,180.0,226.27172980000978,108.85507100010727,422.5211450000188,703.4,11.64081394309681,0.0,180,260,260,420,420,420,420,420,420,420,420
,Aggregated,5,0,180.0,226.27172980000978,108.85507100010727,422.5211450000188,703.4,11.64081394309681,0.0,180,260,260,420,420,420,420,420,420,420,420
