Type,Name,Request Count,Failure Count,Median Response Time,Average Response Time,Min Response Time,Max Response Time,Average Content Size,Requests/s,Failures/s,50%,66%,75%,80%,90%,95%,98%,99%,99.9%,99.99%,100%
POST,/onnx/search [all],5,0,99,104.50635379984305,88.19433999997273,136.25290900017717,691.2,35.017432307877264,0.0,99,110,110,140,140,140,140,140,140,140,140
,Aggregated,5,0,99,104.50635379984305,88.19433999997273,136.25290900017717,691.2,35.017432307877264,0.0,99,110,110,140,140,140,140,140,140,140,140
