Type,Name,Request Count,Failure Count,Median Response Time,Average Response Time,Min Response Time,Max Response Time,Average Content Size,Requests/s,Failures/s,50%,66%,75%,80%,90%,95%,98%,99%,99.9%,99.99%,100%
POST,/onnx/search [all],10,0,140.0,143.7216678000368,122.8368780002711,171.02714399970864,731.6,55.70287578123133,0.0,140,140,150,150,170,170,170,170,170,170,170
,Aggregated,10,0,140.0,143.7216678000368,122.8368780002711,171.02714399970864,731.6,55.70287578123133,0.0,140,140,150,150,170,170,170,170,170,170,170
