Type,Name,Request Count,Failure Count,Median Response Time,Average Response Time,Min Response Time,Max Response Time,Average Content Size,Requests/s,Failures/s,50%,66%,75%,80%,90%,95%,98%,99%,99.9%,99.99%,100%
POST,/onnx/search [all],5,0,90,90.99441799990018,87.20822099985526,97.09843100063154,727.4,47.62347256001326,0.0,90,92,92,97,97,97,97,97,97,97,97
,Aggregated,5,0,90,90.99441799990018,87.20822099985526,97.09843100063154,727.4,47.62347256001326,0.0,90,92,92,97,97,97,97,97,97,97,97
