Type,Name,Request Count,Failure Count,Median Response Time,Average Response Time,Min Response Time,Max Response Time,Average Content Size,Requests/s,Failures/s,50%,66%,75%,80%,90%,95%,98%,99%,99.9%,99.99%,100%
POST,/onnx/search [all],1,0,60.29990699971677,60.29990699971677,60.29990699971677,60.29990699971677,709.0,16.2503157617413,0.0,60,60,60,60,60,60,60,60,60,60,60
,Aggregated,1,0,60.29990699971677,60.29990699971677,60.29990699971677,60.29990699971677,709.0,16.2503157617413,0.0,60,60,60,60,60,60,60,60,60,60,60
