Type,Name,Request Count,Failure Count,Median Response Time,Average Response Time,Min Response Time,Max Response Time,Average Content Size,Requests/s,Failures/s,50%,66%,75%,80%,90%,95%,98%,99%,99.9%,99.99%,100%
POST,/onnx/search [all],1,0,72.82543999917834,72.82543999917834,72.82543999917834,72.82543999917834,696.0,13.528703673838015,0.0,73,73,73,73,73,73,73,73,73,73,73
,Aggregated,1,0,72.82543999917834,72.82543999917834,72.82543999917834,72.82543999917834,696.0,13.528703673838015,0.0,73,73,73,73,73,73,73,73,73,73,73
