Type,Name,Request Count,Failure Count,Median Response Time,Average Response Time,Min Response Time,Max Response Time,Average Content Size,Requests/s,Failures/s,50%,66%,75%,80%,90%,95%,98%,99%,99.9%,99.99%,100%
POST,/onnx/search [all],1,0,41.48891000022559,41.48891000022559,41.48891000022559,41.48891000022559,615.0,23.50052947998902,0.0,41,41,41,41,41,41,41,41,41,41,41
,Aggregated,1,0,41.48891000022559,41.48891000022559,41.48891000022559,41.48891000022559,615.0,23.50052947998902,0.0,41,41,41,41,41,41,41,41,41,41,41
