Type,Name,Request Count,Failure Count,Median Response Time,Average Response Time,Min Response Time,Max Response Time,Average Content Size,Requests/s,Failures/s,50%,66%,75%,80%,90%,95%,98%,99%,99.9%,99.99%,100%
POST,/onnx/search [all],10,0,140.0,149.7892164001314,126.27154700021492,208.34413200009294,705.2,46.137542391432284,0.0,150,150,160,180,210,210,210,210,210,210,210
,Aggregated,10,0,140.0,149.7892164001314,126.27154700021492,208.34413200009294,705.2,46.137542391432284,0.0,150,150,160,180,210,210,210,210,210,210,210
