Type,Name,Request Count,Failure Count,Median Response Time,Average Response Time,Min Response Time,Max Response Time,Average Content Size,Requests/s,Failures/s,50%,66%,75%,80%,90%,95%,98%,99%,99.9%,99.99%,100%
POST,/onnx/search [all],10,0,110.0,113.8503656001376,95.18272300010722,146.67601400014973,723.7,62.241203539507836,0.0,110,120,120,130,150,150,150,150,150,150,150
,Aggregated,10,0,110.0,113.8503656001376,95.18272300010722,146.67601400014973,723.7,62.241203539507836,0.0,110,120,120,130,150,150,150,150,150,150,150
