Type,Name,Request Count,Failure Count,Median Response Time,Average Response Time,Min Response Time,Max Response Time,Average Content Size,Requests/s,Failures/s,50%,66%,75%,80%,90%,95%,98%,99%,99.9%,99.99%,100%
POST,/onnx/search [all],15,0,150.0,153.33790826650025,129.73913799942238,179.45073699956993,740.4,76.56419499028262,0.0,150,170,170,170,180,180,180,180,180,180,180
,Aggregated,15,0,150.0,153.33790826650025,129.73913799942238,179.45073699956993,740.4,76.56419499028262,0.0,150,170,170,170,180,180,180,180,180,180,180
