Type,Name,Request Count,Failure Count,Median Response Time,Average Response Time,Min Response Time,Max Response Time,Average Content Size,Requests/s,Failures/s,50%,66%,75%,80%,90%,95%,98%,99%,99.9%,99.99%,100%
POST,/onnx/search [all],5,0,89,88.90496820022236,78.85683400036214,97.9910710002514,733.8,49.980504964322655,0.0,89,92,92,98,98,98,98,98,98,98,98
,Aggregated,5,0,89,88.90496820022236,78.85683400036214,97.9910710002514,733.8,49.980504964322655,0.0,89,92,92,98,98,98,98,98,98,98,98
