Type,Name,Request Count,Failure Count,Median Response Time,Average Response Time,Min Response Time,Max Response Time,Average Content Size,Requests/s,Failures/s,50%,66%,75%,80%,90%,95%,98%,99%,99.9%,99.99%,100%
POST,/onnx/search [all],10,0,130.0,135.2298261001124,129.05117999980575,140.83304199994018,782.2,65.83513841015112,0.0,140,140,140,140,140,140,140,140,140,140,140
,Aggregated,10,0,130.0,135.2298261001124,129.05117999980575,140.83304199994018,782.2,65.83513841015112,0.0,140,140,140,140,140,140,140,140,140,140,140
