Type,Name,Request Count,Failure Count,Median Response Time,Average Response Time,Min Response Time,Max Response Time,Average Content Size,Requests/s,Failures/s,50%,66%,75%,80%,90%,95%,98%,99%,99.9%,99.99%,100%
POST,/onnx/search [all],5,0,99,103.32717720029905,96.2668060001306,117.9711770000722,702.0,41.908842384614154,0.0,99,110,110,120,120,120,120,120,120,120,120
,Aggregated,5,0,99,103.32717720029905,96.2668060001306,117.9711770000722,702.0,41.908842384614154,0.0,99,110,110,120,120,120,120,120,120,120,120
