Type,Name,Request Count,Failure Count,Median Response Time,Average Response Time,Min Response Time,Max Response Time,Average Content Size,Requests/s,Failures/s,50%,66%,75%,80%,90%,95%,98%,99%,99.9%,99.99%,100%
POST,/onnx/search [all],5,0,130.0,123.76247339998372,100.13760899983026,138.23169800002688,736.8,34.3549856168378,0.0,130,140,140,140,140,140,140,140,140,140,140
,Aggregated,5,0,130.0,123.76247339998372,100.13760899983026,138.23169800002688,736.8,34.3549856168378,0.0,130,140,140,140,140,140,140,140,140,140,140
