Type,Name,Request Count,Failure Count,Median Response Time,Average Response Time,Min Response Time,Max Response Time,Average Content Size,Requests/s,Failures/s,50%,66%,75%,80%,90%,95%,98%,99%,99.9%,99.99%,100%
POST,/onnx/search [all],15,5,180.0,176.4919323999493,146.2512580001203,211.21891699976914,493.8,67.11215696983533,22.370718989945107,180,190,190,200,210,210,210,210,210,210,210
,Aggregated,15,5,180.0,176.4919323999493,146.2512580001203,211.21891699976914,493.8,67.11215696983533,22.370718989945107,180,190,190,200,210,210,210,210,210,210,210
