Type,Name,Request Count,Failure Count,Median Response Time,Average Response Time,Min Response Time,Max Response Time,Average Content Size,Requests/s,Failures/s,50%,66%,75%,80%,90%,95%,98%,99%,99.9%,99.99%,100%
POST,/onnx/search [all],1,0,46.53380699983245,46.53380699983245,46.53380699983245,46.53380699983245,802.0,21.04538931650092,0.0,47,47,47,47,47,47,47,47,47,47,47
,Aggregated,1,0,46.53380699983245,46.53380699983245,46.53380699983245,46.53380699983245,802.0,21.04538931650092,0.0,47,47,47,47,47,47,47,47,47,47,47
