Type,Name,Request Count,Failure Count,Median Response Time,Average Response Time,Min Response Time,Max Response Time,Average Content Size,Requests/s,Failures/s,50%,66%,75%,80%,90%,95%,98%,99%,99.9%,99.99%,100%
POST,/onnx/search [all],10,0,130.0,135.58659900008934,111.38356700030272,154.8318549994292,689.7,61.85249087911472,0.0,140,140,150,150,150,150,150,150,150,150,150
,Aggregated,10,0,130.0,135.58659900008934,111.38356700030272,154.8318549994292,689.7,61.85249087911472,0.0,140,140,150,150,150,150,150,150,150,150,150
