Type,Name,Request Count,Failure Count,Median Response Time,Average Response Time,Min Response Time,Max Response Time,Average Content Size,Requests/s,Failures/s,50%,66%,75%,80%,90%,95%,98%,99%,99.9%,99.99%,100%
POST,/onnx/search [all],1,0,53.734481999981654,53.734481999981654,53.734481999981654,53.734481999981654,834.0,18.23079363837491,0.0,54,54,54,54,54,54,54,54,54,54,54
,Aggregated,1,0,53.734481999981654,53.734481999981654,53.734481999981654,53.734481999981654,834.0,18.23079363837491,0.0,54,54,54,54,54,54,54,54,54,54,54
