Type,Name,Request Count,Failure Count,Median Response Time,Average Response Time,Min Response Time,Max Response Time,Average Content Size,Requests/s,Failures/s,50%,66%,75%,80%,90%,95%,98%,99%,99.9%,99.99%,100%
POST,/onnx/search [all],10,0,120.0,134.11005249990922,107.14638900003592,182.69447199986644,726.9,50.982676384357696,0.0,130,140,150,160,180,180,180,180,180,180,180
,Aggregated,10,0,120.0,134.11005249990922,107.14638900003592,182.69447199986644,726.9,50.982676384357696,0.0,130,140,150,160,180,180,180,180,180,180,180
