Type,Name,Request Count,Failure Count,Median Response Time,Average Response Time,Min Response Time,Max Response Time,Average Content Size,Requests/s,Failures/s,50%,66%,75%,80%,90%,95%,98%,99%,99.9%,99.99%,100%
POST,/onnx/search [all],10,0,130.0,127.94130349993793,117.65839700092329,143.87420000093698,681.9,68.54714767129825,0.0,130,130,130,140,140,140,140,140,140,140,140
,Aggregated,10,0,130.0,127.94130349993793,117.65839700092329,143.87420000093698,681.9,68.54714767129825,0.0,130,130,130,140,140,140,140,140,140,140,140
