Type,Name,Request Count,Failure Count,Median Response Time,Average Response Time,Min Response Time,Max Response Time,Average Content Size,Requests/s,Failures/s,50%,66%,75%,80%,90%,95%,98%,99%,99.9%,99.99%,100%
POST,/onnx/search [all],1,0,56.09962299968174,56.09962299968174,56.09962299968174,56.09962299968174,778.0,17.45619204581398,0.0,56,56,56,56,56,56,56,56,56,56,56
,Aggregated,1,0,56.09962299968174,56.09962299968174,56.09962299968174,56.09962299968174,778.0,17.45619204581398,0.0,56,56,56,56,56,56,56,56,56,56,56
