Type,Name,Request Count,Failure Count,Median Response Time,Average Response Time,Min Response Time,Max Response Time,Average Content Size,Requests/s,Failures/s,50%,66%,75%,80%,90%,95%,98%,99%,99.9%,99.99%,100%
POST,/onnx/search [all],10,0,140.0,145.41781709999668,119.05251600001066,175.4107510000722,702.8,54.62948032816991,0.0,150,150,170,170,180,180,180,180,180,180,180
,Aggregated,10,0,140.0,145.41781709999668,119.05251600001066,175.4107510000722,702.8,54.62948032816991,0.0,150,150,170,170,180,180,180,180,180,180,180
