Type,Name,Request Count,Failure Count,Median Response Time,Average Response Time,Min Response Time,Max Response Time,Average Content Size,Requests/s,Failures/s,50%,66%,75%,80%,90%,95%,98%,99%,99.9%,99.99%,100%
POST,/onnx/search [all],5,0,130.0,123.90690120005274,94.8274649999803,146.1959759999445,716.4,32.58688818550649,0.0,130,130,130,150,150,150,150,150,150,150,150
,Aggregated,5,0,130.0,123.90690120005274,94.8274649999803,146.1959759999445,716.4,32.58688818550649,0.0,130,130,130,150,150,150,150,150,150,150,150
