Type,Name,Request Count,Failure Count,Median Response Time,Average Response Time,Min Response Time,Max Response Time,Average Content Size,Requests/s,Failures/s,50%,66%,75%,80%,90%,95%,98%,99%,99.9%,99.99%,100%
POST,/onnx/search [all],5,0,110.0,119.03124559976277,98.48202800094441,152.18181099953654,761.4,32.508138071292606,0.0,110,120,120,150,150,150,150,150,150,150,150
,Aggregated,5,0,110.0,119.03124559976277,98.48202800094441,152.18181099953654,761.4,32.508138071292606,0.0,110,120,120,150,150,150,150,150,150,150,150
