Type,Name,Request Count,Failure Count,Median Response Time,Average Response Time,Min Response Time,Max Response Time,Average Content Size,Requests/s,Failures/s,50%,66%,75%,80%,90%,95%,98%,99%,99.9%,99.99%,100%
POST,/onnx/search [all],15,0,160.0,150.33026599970376,127.10171199978504,172.92496399932133,743.7333333333333,78.40064799526465,0.0,160,160,170,170,170,170,170,170,170,170,170
,Aggregated,15,0,160.0,150.33026599970376,127.10171199978504,172.92496399932133,743.7333333333333,78.40064799526465,0.0,160,160,170,170,170,170,170,170,170,170,170
