Type,Name,Request Count,Failure Count,Median Response Time,Average Response Time,Min Response Time,Max Response Time,Average Content Size,Requests/s,Failures/s,50%,66%,75%,80%,90%,95%,98%,99%,99.9%,99.99%,100%
POST,/onnx/search [all],5,0,89,90.3991872000006,56.04008599993904,125.56562100007795,709.6,37.154691923647945,0.0,89,98,98,130,130,130,130,130,130,130,130
,Aggregated,5,0,89,90.3991872000006,56.04008599993904,125.56562100007795,709.6,37.154691923647945,0.0,89,98,98,130,130,130,130,130,130,130,130
