Type,Name,Request Count,Failure Count,Median Response Time,Average Response Time,Min Response Time,Max Response Time,Average Content Size,Requests/s,Failures/s,50%,66%,75%,80%,90%,95%,98%,99%,99.9%,99.99%,100%
POST,/onnx/search [all],1,0,78.88381100019615,78.88381100019615,78.88381100019615,78.88381100019615,719.0,12.495729296696945,0.0,79,79,79,79,79,79,79,79,79,79,79
,Aggregated,1,0,78.88381100019615,78.88381100019615,78.88381100019615,78.88381100019615,719.0,12.495729296696945,0.0,79,79,79,79,79,79,79,79,79,79,79
