Type,Name,Request Count,Failure Count,Median Response Time,Average Response Time,Min Response Time,Max Response Time,Average Content Size,Requests/s,Failures/s,50%,66%,75%,80%,90%,95%,98%,99%,99.9%,99.99%,100%
POST,/onnx/search [all],10,0,130.0,129.87480639976638,109.71284399965953,152.3060079998686,723.1,61.05503725775906,0.0,130,140,150,150,150,150,150,150,150,150,150
,Aggregated,10,0,130.0,129.87480639976638,109.71284399965953,152.3060079998686,723.1,61.05503725775906,0.0,130,140,150,150,150,150,150,150,150,150,150
