Type,Name,Request Count,Failure Count,Median Response Time,Average Response Time,Min Response Time,Max Response Time,Average Content Size,Requests/s,Failures/s,50%,66%,75%,80%,90%,95%,98%,99%,99.9%,99.99%,100%
POST,/onnx/search [all],10,0,130.0,124.66993590005586,93.37688999949023,142.78162499977043,734.4,64.23867978711185,0.0,130,140,140,140,140,140,140,140,140,140,140
,Aggregated,10,0,130.0,124.66993590005586,93.37688999949023,142.78162499977043,734.4,64.23867978711185,0.0,130,140,140,140,140,140,140,140,140,140,140
