Type,Name,Request Count,Failure Count,Median Response Time,Average Response Time,Min Response Time,Max Response Time,Average Content Size,Requests/s,Failures/s,50%,66%,75%,80%,90%,95%,98%,99%,99.9%,99.99%,100%
POST,/onnx/search [all],10,0,140.0,140.15364490023785,121.09968000004301,172.03014900042035,750.8,55.13757102029978,0.0,140,140,140,150,170,170,170,170,170,170,170
,Aggregated,10,0,140.0,140.15364490023785,121.09968000004301,172.03014900042035,750.8,55.13757102029978,0.0,140,140,140,150,170,170,170,170,170,170,170
