Type,Name,Request Count,Failure Count,Median Response Time,Average Response Time,Min Response Time,Max Response Time,Average Content Size,Requests/s,Failures/s,50%,66%,75%,80%,90%,95%,98%,99%,99.9%,99.99%,100%
POST,/onnx/search [all],5,0,99,97.63758500012045,83.73223600028723,108.09075599900098,707.4,43.5432546067999,0.0,99,100,100,110,110,110,110,110,110,110,110
,Aggregated,5,0,99,97.63758500012045,83.73223600028723,108.09075599900098,707.4,43.5432546067999,0.0,99,100,100,110,110,110,110,110,110,110,110
