Type,Name,Request Count,Failure Count,Median Response Time,Average Response Time,Min Response Time,Max Response Time,Average Content Size,Requests/s,Failures/s,50%,66%,75%,80%,90%,95%,98%,99%,99.9%,99.99%,100%
POST,/onnx/search [all],15,5,160.0,164.35400519985706,149.55488499981584,179.2122949991608,468.8666666666667,77.95746663411963,25.985822211373208,160,160,180,180,180,180,180,180,180,180,180
,Aggregated,15,5,160.0,164.35400519985706,149.55488499981584,179.2122949991608,468.8666666666667,77.95746663411963,25.985822211373208,160,160,180,180,180,180,180,180,180,180,180
