Type,Name,Request Count,Failure Count,Median Response Time,Average Response Time,Min Response Time,Max Response Time,Average Content Size,Requests/s,Failures/s,50%,66%,75%,80%,90%,95%,98%,99%,99.9%,99.99%,100%
POST,/onnx/search [all],5,0,87,88.58423020010378,82.45562000047357,95.97963099986373,754.0,49.05159751134397,0.0,87,92,92,96,96,96,96,96,96,96,96
,Aggregated,5,0,87,88.58423020010378,82.45562000047357,95.97963099986373,754.0,49.05159751134397,0.0,87,92,92,96,96,96,96,96,96,96,96
