Type,Name,Request Count,Failure Count,Median Response Time,Average Response Time,Min Response Time,Max Response Time,Average Content Size,Requests/s,Failures/s,50%,66%,75%,80%,90%,95%,98%,99%,99.9%,99.99%,100%
POST,/onnx/search [all],9521,6009,27,33.961950662739454,10.436193000714411,351.24267600076564,286.37905682176245,47.59270412349562,30.03723968890717,27,38,43,46,55,66,79,89,130,350,350
,Aggregated,9521,6009,27,33.961950662739454,10.436193000714411,351.24267600076564,286.37905682176245,47.59270412349562,30.03723968890717,27,38,43,46,55,66,79,89,130,350,350
