Type,Name,Request Count,Failure Count,Median Response Time,Average Response Time,Min Response Time,Max Response Time,Average Content Size,Requests/s,Failures/s,50%,66%,75%,80%,90%,95%,98%,99%,99.9%,99.99%,100%
POST,/onnx/search [all],9515,5731,26,34.786507082288225,12.073328000042238,246.018749000541,306.2416184971098,47.55801573949428,28.64477017373008,26,40,44,46,56,67,92,110,210,250,250
,Aggregated,9515,5731,26,34.786507082288225,12.073328000042238,246.018749000541,306.2416184971098,47.55801573949428,28.64477017373008,26,40,44,46,56,67,92,110,210,250,250
