Type,Name,Request Count,Failure Count,Median Response Time,Average Response Time,Min Response Time,Max Response Time,Average Content Size,Requests/s,Failures/s,50%,66%,75%,80%,90%,95%,98%,99%,99.9%,99.99%,100%
POST,/onnx/search [all],9521,5593,28,36.16449720154813,9.851576000073692,299.63109599884774,316.65959458040123,47.585186698919074,27.953360908208634,28,40,45,48,55,66,100,150,280,300,300
,Aggregated,9521,5593,28,36.16449720154813,9.851576000073692,299.63109599884774,316.65959458040123,47.585186698919074,27.953360908208634,28,40,45,48,55,66,100,150,280,300,300
