Type,Name,Request Count,Failure Count,Median Response Time,Average Response Time,Min Response Time,Max Response Time,Average Content Size,Requests/s,Failures/s,50%,66%,75%,80%,90%,95%,98%,99%,99.9%,99.99%,100%
POST,/onnx/search [all],9511,5823,24,36.55007982777698,9.91241900010209,401.8627839996043,299.76910945221323,47.53284817036113,29.10143779791955,24,39,44,47,60,76,160,210,340,400,400
,Aggregated,9511,5823,24,36.55007982777698,9.91241900010209,401.8627839996043,299.76910945221323,47.53284817036113,29.10143779791955,24,39,44,47,60,76,160,210,340,400,400
