Type,Name,Request Count,Failure Count,Median Response Time,Average Response Time,Min Response Time,Max Response Time,Average Content Size,Requests/s,Failures/s,50%,66%,75%,80%,90%,95%,98%,99%,99.9%,99.99%,100%
POST,/onnx/search [short],10,0,130.0,131.31297759991867,104.77654199985409,143.07321900014358,680.6,66.76648546254805,0.0,130,130,140,140,140,140,140,140,140,140,140
,Aggregated,10,0,130.0,131.31297759991867,104.77654199985409,143.07321900014358,680.6,66.76648546254805,0.0,130,130,140,140,140,140,140,140,140,140,140
