Type,Name,Request Count,Failure Count,Median Response Time,Average Response Time,Min Response Time,Max Response Time,Average Content Size,Requests/s,Failures/s,50%,66%,75%,80%,90%,95%,98%,99%,99.9%,99.99%,100%
POST,/onnx/search [short],15,0,160.0,156.83250186666555,131.22639300036099,190.7632000002195,666.3333333333334,74.00720373973373,0.0,160,160,160,170,170,190,190,190,190,190,190
,Aggregated,15,0,160.0,156.83250186666555,131.22639300036099,190.7632000002195,666.3333333333334,74.00720373973373,0.0,160,160,160,170,170,190,190,190,190,190,190
