Type,Name,Request Count,Failure Count,Median Response Time,Average Response Time,Min Response Time,Max Response Time,Average Content Size,Requests/s,Failures/s,50%,66%,75%,80%,90%,95%,98%,99%,99.9%,99.99%,100%
POST,/onnx/search [short],10,0,110.0,115.32404509962362,92.1136849992763,146.81885899881308,660.7,62.52605436122652,0.0,120,130,130,140,150,150,150,150,150,150,150
,Aggregated,10,0,110.0,115.32404509962362,92.1136849992763,146.81885899881308,660.7,62.52605436122652,0.0,120,130,130,140,150,150,150,150,150,150,150
