Type,Name,Request Count,Failure Count,Median Response Time,Average Response Time,Min Response Time,Max Response Time,Average Content Size,Requests/s,Failures/s,50%,66%,75%,80%,90%,95%,98%,99%,99.9%,99.99%,100%
POST,/onnx/search [short],1,0,61.49011000024984,61.49011000024984,61.49011000024984,61.49011000024984,654.0,16.026410711010577,0.0,61,61,61,61,61,61,61,61,61,61,61
,Aggregated,1,0,61.49011000024984,61.49011000024984,61.49011000024984,61.49011000024984,654.0,16.026410711010577,0.0,61,61,61,61,61,61,61,61,61,61,61
