Type,Name,Request Count,Failure Count,Median Response Time,Average Response Time,Min Response Time,Max Response Time,Average Content Size,Requests/s,Failures/s,50%,66%,75%,80%,90%,95%,98%,99%,99.9%,99.99%,100%
POST,/onnx/search [short],1,0,64.73138299952552,64.73138299952552,64.73138299952552,64.73138299952552,652.0,15.228756081620798,0.0,65,65,65,65,65,65,65,65,65,65,65
,Aggregated,1,0,64.73138299952552,64.73138299952552,64.73138299952552,64.73138299952552,652.0,15.228756081620798,0.0,65,65,65,65,65,65,65,65,65,65,65
