Type,Name,Request Count,Failure Count,Median Response Time,Average Response Time,Min Response Time,Max Response Time,Average Content Size,Requests/s,Failures/s,50%,66%,75%,80%,90%,95%,98%,99%,99.9%,99.99%,100%
POST,/onnx/search [short],15,5,190.0,186.44483946663968,150.42220600025757,248.30116000021007,453.53333333333336,56.399716004847996,18.799905334949333,190,190,200,210,220,250,250,250,250,250,250
,Aggregated,15,5,190.0,186.44483946663968,150.42220600025757,248.30116000021007,453.53333333333336,56.399716004847996,18.799905334949333,190,190,200,210,220,250,250,250,250,250,250
