Type,Name,Request Count,Failure Count,Median Response Time,Average Response Time,Min Response Time,Max Response Time,Average Content Size,Requests/s,Failures/s,50%,66%,75%,80%,90%,95%,98%,99%,99.9%,99.99%,100%
POST,/onnx/search [short],1,0,109.53484200035746,109.53484200035746,109.53484200035746,109.53484200035746,768.0,9.050058689498032,0.0,110,110,110,110,110,110,110,110,110,110,110
,Aggregated,1,0,109.53484200035746,109.53484200035746,109.53484200035746,109.53484200035746,768.0,9.050058689498032,0.0,110,110,110,110,110,110,110,110,110,110,110
