Type,Name,Request Count,Failure Count,Median Response Time,Average Response Time,Min Response Time,Max Response Time,Average Content Size,Requests/s,Failures/s,50%,66%,75%,80%,90%,95%,98%,99%,99.9%,99.99%,100%
POST,/onnx/search [short],10,0,130.0,131.14551599996958,94.47789700016074,152.337948999957,669.5,61.97688078220562,0.0,140,150,150,150,150,150,150,150,150,150,150
,Aggregated,10,0,130.0,131.14551599996958,94.47789700016074,152.337948999957,669.5,61.97688078220562,0.0,140,150,150,150,150,150,150,150,150,150,150
