Type,Name,Request Count,Failure Count,Median Response Time,Average Response Time,Min Response Time,Max Response Time,Average Content Size,Requests/s,Failures/s,50%,66%,75%,80%,90%,95%,98%,99%,99.9%,99.99%,100%
POST,/onnx/search [short],1,0,66.0106179984723,66.0106179984723,66.0106179984723,66.0106179984723,677.0,14.926614352568551,0.0,66,66,66,66,66,66,66,66,66,66,66
,Aggregated,1,0,66.0106179984723,66.0106179984723,66.0106179984723,66.0106179984723,677.0,14.926614352568551,0.0,66,66,66,66,66,66,66,66,66,66,66
