Type,Name,Request Count,Failure Count,Median Response Time,Average Response Time,Min Response Time,Max Response Time,Average Content Size,Requests/s,Failures/s,50%,66%,75%,80%,90%,95%,98%,99%,99.9%,99.99%,100%
POST,/onnx/search [short],15,0,140.0,148.63541553337805,134.91181100016547,171.461034999993,654.3333333333334,79.94246491096547,0.0,140,150,160,170,170,170,170,170,170,170,170
,Aggregated,15,0,140.0,148.63541553337805,134.91181100016547,171.461034999993,654.3333333333334,79.94246491096547,0.0,140,150,160,170,170,170,170,170,170,170,170
