Type,Name,Request Count,Failure Count,Median Response Time,Average Response Time,Min Response Time,Max Response Time,Average Content Size,Requests/s,Failures/s,50%,66%,75%,80%,90%,95%,98%,99%,99.9%,99.99%,100%
POST,/onnx/search [short],10,0,120.0,123.39395270009845,107.04373400039913,141.8160009998246,643.3,65.85219342248013,0.0,130,130,130,140,140,140,140,140,140,140,140
,Aggregated,10,0,120.0,123.39395270009845,107.04373400039913,141.8160009998246,643.3,65.85219342248013,0.0,130,130,130,140,140,140,140,140,140,140,140
