Type,Name,Request Count,Failure Count,Median Response Time,Average Response Time,Min Response Time,Max Response Time,Average Content Size,Requests/s,Failures/s,50%,66%,75%,80%,90%,95%,98%,99%,99.9%,99.99%,100%
POST,/onnx/search [short],1,0,54.78570600007515,54.78570600007515,54.78570600007515,54.78570600007515,693.0,17.887378243291653,0.0,55,55,55,55,55,55,55,55,55,55,55
,Aggregated,1,0,54.78570600007515,54.78570600007515,54.78570600007515,54.78570600007515,693.0,17.887378243291653,0.0,55,55,55,55,55,55,55,55,55,55,55
