Type,Name,Request Count,Failure Count,Median Response Time,Average Response Time,Min Response Time,Max Response Time,Average Content Size,Requests/s,Failures/s,50%,66%,75%,80%,90%,95%,98%,99%,99.9%,99.99%,100%
POST,/onnx/search [short],10,0,130.0,138.55520269989938,125.82023100003425,172.85074600113148,675.5,54.97575815565374,0.0,130,140,150,150,170,170,170,170,170,170,170
,Aggregated,10,0,130.0,138.55520269989938,125.82023100003425,172.85074600113148,675.5,54.97575815565374,0.0,130,140,150,150,170,170,170,170,170,170,170
