Type,Name,Request Count,Failure Count,Median Response Time,Average Response Time,Min Response Time,Max Response Time,Average Content Size,Requests/s,Failures/s,50%,66%,75%,80%,90%,95%,98%,99%,99.9%,99.99%,100%
POST,/onnx/search [short],10,0,140.0,140.33629250006925,124.33653199877881,166.47659899899736,668.4,56.44986500927304,0.0,140,140,140,150,170,170,170,170,170,170,170
,Aggregated,10,0,140.0,140.33629250006925,124.33653199877881,166.47659899899736,668.4,56.44986500927304,0.0,140,140,140,150,170,170,170,170,170,170,170
