Type,Name,Request Count,Failure Count,Median Response Time,Average Response Time,Min Response Time,Max Response Time,Average Content Size,Requests/s,Failures/s,50%,66%,75%,80%,90%,95%,98%,99%,99.9%,99.99%,100%
POST,/onnx/search [short],10,0,140.0,134.81116040020424,121.69732300026226,147.44292499926814,679.3,62.3725426047646,0.0,140,140,140,150,150,150,150,150,150,150,150
,Aggregated,10,0,140.0,134.81116040020424,121.69732300026226,147.44292499926814,679.3,62.3725426047646,0.0,140,140,140,150,150,150,150,150,150,150,150
