Type,Name,Request Count,Failure Count,Median Response Time,Average Response Time,Min Response Time,Max Response Time,Average Content Size,Requests/s,Failures/s,50%,66%,75%,80%,90%,95%,98%,99%,99.9%,99.99%,100%
POST,/onnx/search [short],1,0,51.75240000062331,51.75240000062331,51.75240000062331,51.75240000062331,630.0,18.99035157222738,0.0,52,52,52,52,52,52,52,52,52,52,52
,Aggregated,1,0,51.75240000062331,51.75240000062331,51.75240000062331,51.75240000062331,630.0,18.99035157222738,0.0,52,52,52,52,52,52,52,52,52,52,52
