Type,Name,Request Count,Failure Count,Median Response Time,Average Response Time,Min Response Time,Max Response Time,Average Content Size,Requests/s,Failures/s,50%,66%,75%,80%,90%,95%,98%,99%,99.9%,99.99%,100%
POST,/onnx/search [short],10,0,130.0,130.3768157000377,109.39889700057392,163.6536249989149,669.4,56.30520201416791,0.0,130,130,130,150,160,160,160,160,160,160,160
,Aggregated,10,0,130.0,130.3768157000377,109.39889700057392,163.6536249989149,669.4,56.30520201416791,0.0,130,130,130,150,160,160,160,160,160,160,160
