Type,Name,Request Count,Failure Count,Median Response Time,Average Response Time,Min Response Time,Max Response Time,Average Content Size,Requests/s,Failures/s,50%,66%,75%,80%,90%,95%,98%,99%,99.9%,99.99%,100%
POST,/onnx/search [short],15,4,160.0,163.46098340024278,145.25340300133394,194.89448700005596,499.4,71.36689864048596,19.031172970796256,160,170,170,170,190,190,190,190,190,190,190
,Aggregated,15,4,160.0,163.46098340024278,145.25340300133394,194.89448700005596,499.4,71.36689864048596,19.031172970796256,160,170,170,170,190,190,190,190,190,190,190
