Type,Name,Request Count,Failure Count,Median Response Time,Average Response Time,Min Response Time,Max Response Time,Average Content Size,Requests/s,Failures/s,50%,66%,75%,80%,90%,95%,98%,99%,99.9%,99.99%,100%
POST,/onnx/search [short],10,0,140.0,139.17683199961175,119.46395300037693,156.62391899968497,648.3,58.676448163800906,0.0,140,150,150,160,160,160,160,160,160,160,160
,Aggregated,10,0,140.0,139.17683199961175,119.46395300037693,156.62391899968497,648.3,58.676448163800906,0.0,140,150,150,160,160,160,160,160,160,160,160
