Type,Name,Request Count,Failure Count,Median Response Time,Average Response Time,Min Response Time,Max Response Time,Average Content Size,Requests/s,Failures/s,50%,66%,75%,80%,90%,95%,98%,99%,99.9%,99.99%,100%
POST,/onnx/search [short],10,0,140.0,143.2033080999645,110.47295099979237,162.2459989998788,676.0,56.90077408746944,0.0,150,150,160,160,160,160,160,160,160,160,160
,Aggregated,10,0,140.0,143.2033080999645,110.47295099979237,162.2459989998788,676.0,56.90077408746944,0.0,150,150,160,160,160,160,160,160,160,160,160
