Type,Name,Request Count,Failure Count,Median Response Time,Average Response Time,Min Response Time,Max Response Time,Average Content Size,Requests/s,Failures/s,50%,66%,75%,80%,90%,95%,98%,99%,99.9%,99.99%,100%
POST,/onnx/search [short],10,0,110.0,112.41155299994716,89.95215499999176,134.35103299980256,651.4,67.65421106454912,0.0,110,120,120,130,130,130,130,130,130,130,130
,Aggregated,10,0,110.0,112.41155299994716,89.95215499999176,134.35103299980256,651.4,67.65421106454912,0.0,110,120,120,130,130,130,130,130,130,130,130
