Type,Name,Request Count,Failure Count,Median Response Time,Average Response Time,Min Response Time,Max Response Time,Average Content Size,Requests/s,Failures/s,50%,66%,75%,80%,90%,95%,98%,99%,99.9%,99.99%,100%
POST,/onnx/search [short],10,0,160.0,163.3303242999773,128.88871599989216,209.0625750001891,678.6,44.82037351878547,0.0,160,170,170,200,210,210,210,210,210,210,210
,Aggregated,10,0,160.0,163.3303242999773,128.88871599989216,209.0625750001891,678.6,44.82037351878547,0.0,160,170,170,200,210,210,210,210,210,210,210
