Type,Name,Request Count,Failure Count,Median Response Time,Average Response Time,Min Response Time,Max Response Time,Average Content Size,Requests/s,Failures/s,50%,66%,75%,80%,90%,95%,98%,99%,99.9%,99.99%,100%
POST,/onnx/search [short],10,0,120.0,127.09736640008487,95.15254499820003,153.22317900063354,662.2,59.87415063095986,0.0,140,140,140,140,150,150,150,150,150,150,150
,Aggregated,10,0,120.0,127.09736640008487,95.15254499820003,153.22317900063354,662.2,59.87415063095986,0.0,140,140,140,140,150,150,150,150,150,150,150
