Type,Name,Request Count,Failure Count,Median Response Time,Average Response Time,Min Response Time,Max Response Time,Average Content Size,Requests/s,Failures/s,50%,66%,75%,80%,90%,95%,98%,99%,99.9%,99.99%,100%
POST,/onnx/search [short],10,0,130.0,138.06860189979488,124.02830999963044,155.63483799996902,665.3,62.05546415424858,0.0,130,150,150,150,160,160,160,160,160,160,160
,Aggregated,10,0,130.0,138.06860189979488,124.02830999963044,155.63483799996902,665.3,62.05546415424858,0.0,130,150,150,150,160,160,160,160,160,160,160
