Type,Name,Request Count,Failure Count,Median Response Time,Average Response Time,Min Response Time,Max Response Time,Average Content Size,Requests/s,Failures/s,50%,66%,75%,80%,90%,95%,98%,99%,99.9%,99.99%,100%
POST,/onnx/search [short],10,0,130.0,141.506607600013,111.31227000032595,172.82449399999678,666.4,55.280805876158354,0.0,150,160,170,170,170,170,170,170,170,170,170
,Aggregated,10,0,130.0,141.506607600013,111.31227000032595,172.82449399999678,666.4,55.280805876158354,0.0,150,160,170,170,170,170,170,170,170,170,170
