Type,Name,Request Count,Failure Count,Median Response Time,Average Response Time,Min Response Time,Max Response Time,Average Content Size,Requests/s,Failures/s,50%,66%,75%,80%,90%,95%,98%,99%,99.9%,99.99%,100%
POST,/onnx/search [short],15,4,160.0,162.6759980665156,138.75479199941765,185.04163500074355,497.0,75.88048634286424,20.23479635809713,160,170,170,180,180,190,190,190,190,190,190
,Aggregated,15,4,160.0,162.6759980665156,138.75479199941765,185.04163500074355,497.0,75.88048634286424,20.23479635809713,160,170,170,180,180,190,190,190,190,190,190
