Type,Name,Request Count,Failure Count,Median Response Time,Average Response Time,Min Response Time,Max Response Time,Average Content Size,Requests/s,Failures/s,50%,66%,75%,80%,90%,95%,98%,99%,99.9%,99.99%,100%
POST,/onnx/search [short],1,0,78.78610399984609,78.78610399984609,78.78610399984609,78.78610399984609,618.0,12.5272658849391,0.0,79,79,79,79,79,79,79,79,79,79,79
,Aggregated,1,0,78.78610399984609,78.78610399984609,78.78610399984609,78.78610399984609,618.0,12.5272658849391,0.0,79,79,79,79,79,79,79,79,79,79,79
