Type,Name,Request Count,Failure Count,Median Response Time,Average Response Time,Min Response Time,Max Response Time,Average Content Size,Requests/s,Failures/s,50%,66%,75%,80%,90%,95%,98%,99%,99.9%,99.99%,100%
POST,/onnx/search [short],1,0,60.858471999381436,60.858471999381436,60.858471999381436,60.858471999381436,622.0,16.139139000477137,0.0,61,61,61,61,61,61,61,61,61,61,61
,Aggregated,1,0,60.858471999381436,60.858471999381436,60.858471999381436,60.858471999381436,622.0,16.139139000477137,0.0,61,61,61,61,61,61,61,61,61,61,61
