Type,Name,Request Count,Failure Count,Median Response Time,Average Response Time,Min Response Time,Max Response Time,Average Content Size,Requests/s,Failures/s,50%,66%,75%,80%,90%,95%,98%,99%,99.9%,99.99%,100%
POST,/onnx/search [short],10,0,130.0,131.48417649990733,121.44039199938561,141.68311199955497,644.4,66.4045507726846,0.0,130,130,130,140,140,140,140,140,140,140,140
,Aggregated,10,0,130.0,131.48417649990733,121.44039199938561,141.68311199955497,644.4,66.4045507726846,0.0,130,130,130,140,140,140,140,140,140,140,140
