Type,Name,Request Count,Failure Count,Median Response Time,Average Response Time,Min Response Time,Max Response Time,Average Content Size,Requests/s,Failures/s,50%,66%,75%,80%,90%,95%,98%,99%,99.9%,99.99%,100%
POST,/onnx/search [short],10,0,130.0,129.7539831000904,96.48487100002967,163.06867999992392,647.6,57.09837661232685,0.0,130,140,140,150,160,160,160,160,160,160,160
,Aggregated,10,0,130.0,129.7539831000904,96.48487100002967,163.06867999992392,647.6,57.09837661232685,0.0,130,140,140,150,160,160,160,160,160,160,160
