Type,Name,Request Count,Failure Count,Median Response Time,Average Response Time,Min Response Time,Max Response Time,Average Content Size,Requests/s,Failures/s,50%,66%,75%,80%,90%,95%,98%,99%,99.9%,99.99%,100%
POST,/onnx/search [short],10,0,130.0,129.41846139965492,89.46424399982789,160.99072299948602,665.5,58.21985633480237,0.0,140,140,140,140,160,160,160,160,160,160,160
,Aggregated,10,0,130.0,129.41846139965492,89.46424399982789,160.99072299948602,665.5,58.21985633480237,0.0,140,140,140,140,160,160,160,160,160,160,160
