Type,Name,Request Count,Failure Count,Median Response Time,Average Response Time,Min Response Time,Max Response Time,Average Content Size,Requests/s,Failures/s,50%,66%,75%,80%,90%,95%,98%,99%,99.9%,99.99%,100%
POST,/onnx/search [short],1,0,69.04653399942617,69.04653399942617,69.04653399942617,69.04653399942617,650.0,14.235786458315657,0.0,69,69,69,69,69,69,69,69,69,69,69
,Aggregated,1,0,69.04653399942617,69.04653399942617,69.04653399942617,69.04653399942617,650.0,14.235786458315657,0.0,69,69,69,69,69,69,69,69,69,69,69
