Type,Name,Request Count,Failure Count,Median Response Time,Average Response Time,Min Response Time,Max Response Time,Average Content Size,Requests/s,Failures/s,50%,66%,75%,80%,90%,95%,98%,99%,99.9%,99.99%,100%
POST,/onnx/search [short],1,0,53.666563999286154,53.666563999286154,53.666563999286154,53.666563999286154,673.0,18.285873725880005,0.0,54,54,54,54,54,54,54,54,54,54,54
,Aggregated,1,0,53.666563999286154,53.666563999286154,53.666563999286154,53.666563999286154,673.0,18.285873725880005,0.0,54,54,54,54,54,54,54,54,54,54,54
