Type,Name,Request Count,Failure Count,Median Response Time,Average Response Time,Min Response Time,Max Response Time,Average Content Size,Requests/s,Failures/s,50%,66%,75%,80%,90%,95%,98%,99%,99.9%,99.99%,100%
POST,/onnx/search [short],10,0,140.0,139.81774699987,118.89610499929404,176.12927200025297,650.4,56.19506339238702,0.0,140,140,150,150,180,180,180,180,180,180,180
,Aggregated,10,0,140.0,139.81774699987,118.89610499929404,176.12927200025297,650.4,56.19506339238702,0.0,140,140,150,150,180,180,180,180,180,180,180
