Type,Name,Request Count,Failure Count,Median Response Time,Average Response Time,Min Response Time,Max Response Time,Average Content Size,Requests/s,Failures/s,50%,66%,75%,80%,90%,95%,98%,99%,99.9%,99.99%,100%
POST,/onnx/search [short],15,3,160.0,161.1527016664089,141.1104279995925,196.24228000066068,537.1333333333333,70.31130978989718,14.062261957979437,160,160,170,180,180,200,200,200,200,200,200
,Aggregated,15,3,160.0,161.1527016664089,141.1104279995925,196.24228000066068,537.1333333333333,70.31130978989718,14.062261957979437,160,160,170,180,180,200,200,200,200,200,200
