Type,Name,Request Count,Failure Count,Median Response Time,Average Response Time,Min Response Time,Max Response Time,Average Content Size,Requests/s,Failures/s,50%,66%,75%,80%,90%,95%,98%,99%,99.9%,99.99%,100%
POST,/pytorch/search [all],7118,1,63,81.39587199607065,16.711119999854418,8603.855606000252,724.4582747962911,16.944415907129986,0.002380502375264117,63,100,110,120,130,130,130,140,2700,8600,8600
,Aggregated,7118,1,63,81.39587199607065,16.711119999854418,8603.855606000252,724.4582747962911,16.944415907129986,0.002380502375264117,63,100,110,120,130,130,130,140,2700,8600,8600
