Type,Name,Request Count,Failure Count,Median Response Time,Average Response Time,Min Response Time,Max Response Time,Average Content Size,Requests/s,Failures/s,50%,66%,75%,80%,90%,95%,98%,99%,99.9%,99.99%,100%
POST,/pytorch/search [all],7108,0,44,80.57005663421624,26.165630999912537,8774.508555000011,723.6814856499718,16.920807928112644,0.0,44,110,120,120,130,130,130,140,7300,8800,8800
,Aggregated,7108,0,44,80.57005663421624,26.165630999912537,8774.508555000011,723.6814856499718,16.920807928112644,0.0,44,110,120,120,130,130,130,140,7300,8800,8800
