Type,Name,Request Count,Failure Count,Median Response Time,Average Response Time,Min Response Time,Max Response Time,Average Content Size,Requests/s,Failures/s,50%,66%,75%,80%,90%,95%,98%,99%,99.9%,99.99%,100%
POST,/onnx/search [all],7160,0,39,41.30520159721002,18.975061000219284,2914.078631999928,721.1344972067039,17.041630966165723,0.0,39,42,46,48,53,58,63,68,100,2900,2900
,Aggregated,7160,0,39,41.30520159721002,18.975061000219284,2914.078631999928,721.1344972067039,17.041630966165723,0.0,39,42,46,48,53,58,63,68,100,2900,2900
