Type,Name,Request Count,Failure Count,Median Response Time,Average Response Time,Min Response Time,Max Response Time,Average Content Size,Requests/s,Failures/s,50%,66%,75%,80%,90%,95%,98%,99%,99.9%,99.99%,100%
POST,/onnx/search [all],7159,715,59,62.290629464169996,8.547526000029393,3529.079174000003,653.5148763793826,17.04017149085989,1.7018749288957704,59,68,74,80,93,110,120,140,280,3500,3500
,Aggregated,7159,715,59,62.290629464169996,8.547526000029393,3529.079174000003,653.5148763793826,17.04017149085989,1.7018749288957704,59,68,74,80,93,110,120,140,280,3500,3500
