Type,Name,Request Count,Failure Count,Median Response Time,Average Response Time,Min Response Time,Max Response Time,Average Content Size,Requests/s,Failures/s,50%,66%,75%,80%,90%,95%,98%,99%,99.9%,99.99%,100%
POST,/pytorch/search [all],1025,231,42,163.1702271287995,10.158875998968142,18138.90032600102,571.04,17.069346626727192,3.846847873925836,42,57,78,94,120,130,160,180,18000,18000,18000
,Aggregated,1025,231,42,163.1702271287995,10.158875998968142,18138.90032600102,571.04,17.069346626727192,3.846847873925836,42,57,78,94,120,130,160,180,18000,18000,18000
