Type,Name,Request Count,Failure Count,Median Response Time,Average Response Time,Min Response Time,Max Response Time,Average Content Size,Requests/s,Failures/s,50%,66%,75%,80%,90%,95%,98%,99%,99.9%,99.99%,100%
POST,/onnx/search [all],1133,557,36,44.3905345569342,11.107908999747451,311.30532999986826,383.4377758164166,18.86032898202729,9.272024045003707,36,57,65,68,83,96,110,130,180,310,310
,Aggregated,1133,557,36,44.3905345569342,11.107908999747451,311.30532999986826,383.4377758164166,18.86032898202729,9.272024045003707,36,57,65,68,83,96,110,130,180,310,310
