Type,Name,Request Count,Failure Count,Median Response Time,Average Response Time,Min Response Time,Max Response Time,Average Content Size,Requests/s,Failures/s,50%,66%,75%,80%,90%,95%,98%,99%,99.9%,99.99%,100%
POST,/pytorch/search [all],1071,351,58,124.89755163867095,9.156928999800584,9234.552896999958,498.98879551820727,18.008619073977727,5.901984402396062,58,67,77,87,140,160,190,220,9000,9200,9200
,Aggregated,1071,351,58,124.89755163867095,9.156928999800584,9234.552896999958,498.98879551820727,18.008619073977727,5.901984402396062,58,67,77,87,140,160,190,220,9000,9200,9200
