Type,Name,Request Count,Failure Count,Median Response Time,Average Response Time,Min Response Time,Max Response Time,Average Content Size,Requests/s,Failures/s,50%,66%,75%,80%,90%,95%,98%,99%,99.9%,99.99%,100%
POST,/onnx/search [all],1136,513,32,31.576477952475678,10.36171300074784,85.88234499984537,408.2781690140845,18.915213655563985,8.541817434246765,32,38,41,43,49,57,69,73,83,86,86
,Aggregated,1136,513,32,31.576477952475678,10.36171300074784,85.88234499984537,408.2781690140845,18.915213655563985,8.541817434246765,32,38,41,43,49,57,69,73,83,86,86
