Type,Name,Request Count,Failure Count,Median Response Time,Average Response Time,Min Response Time,Max Response Time,Average Content Size,Requests/s,Failures/s,50%,66%,75%,80%,90%,95%,98%,99%,99.9%,99.99%,100%
POST,/pytorch/search [all],1067,200,38,120.1120932127396,10.480005999852438,9360.455905999515,595.0140581068416,17.76676633971396,3.3302279924487275,38,46,57,79,120,130,150,270,9000,9400,9400
,Aggregated,1067,200,38,120.1120932127396,10.480005999852438,9360.455905999515,595.0140581068416,17.76676633971396,3.3302279924487275,38,46,57,79,120,130,150,270,9000,9400,9400
