Type,Name,Request Count,Failure Count,Median Response Time,Average Response Time,Min Response Time,Max Response Time,Average Content Size,Requests/s,Failures/s,50%,66%,75%,80%,90%,95%,98%,99%,99.9%,99.99%,100%
POST,/pytorch/search [all],1052,258,38,133.61079773382517,10.772366000310285,10100.78115000033,554.9173003802281,17.514863812985535,4.295470402804438,38,43,51,64,120,130,140,150,9400,10000,10000
,Aggregated,1052,258,38,133.61079773382517,10.772366000310285,10100.78115000033,554.9173003802281,17.514863812985535,4.295470402804438,38,43,51,64,120,130,140,150,9400,10000,10000
