Type,Name,Request Count,Failure Count,Median Response Time,Average Response Time,Min Response Time,Max Response Time,Average Content Size,Requests/s,Failures/s,50%,66%,75%,80%,90%,95%,98%,99%,99.9%,99.99%,100%
POST,/onnx/search [all],1135,461,33,36.1352449594636,9.053507999851718,282.4068640002224,442.45814977973566,18.89232133134814,7.673445051763428,33,39,42,45,56,71,130,240,270,280,280
,Aggregated,1135,461,33,36.1352449594636,9.053507999851718,282.4068640002224,442.45814977973566,18.89232133134814,7.673445051763428,33,39,42,45,56,71,130,240,270,280,280
