Type,Name,Request Count,Failure Count,Median Response Time,Average Response Time,Min Response Time,Max Response Time,Average Content Size,Requests/s,Failures/s,50%,66%,75%,80%,90%,95%,98%,99%,99.9%,99.99%,100%
POST,/onnx/search [all],1136,509,33,33.7699200149833,10.84782899943093,111.91162599970994,412.6672535211268,18.916232461537412,8.47567105891069,33,39,43,46,57,68,80,89,110,110,110
,Aggregated,1136,509,33,33.7699200149833,10.84782899943093,111.91162599970994,412.6672535211268,18.916232461537412,8.47567105891069,33,39,43,46,57,68,80,89,110,110,110
