Type,Name,Request Count,Failure Count,Median Response Time,Average Response Time,Min Response Time,Max Response Time,Average Content Size,Requests/s,Failures/s,50%,66%,75%,80%,90%,95%,98%,99%,99.9%,99.99%,100%
POST,/onnx/search [all],699,0,58,64.66330521888474,21.727397999711684,3232.199539999783,722.3218884120172,8.73008904232656,0.0,58,66,71,75,85,94,100,110,3200,3200,3200
,Aggregated,699,0,58,64.66330521888474,21.727397999711684,3232.199539999783,722.3218884120172,8.73008904232656,0.0,58,66,71,75,85,94,100,110,3200,3200,3200
