Type,Name,Request Count,Failure Count,Median Response Time,Average Response Time,Min Response Time,Max Response Time,Average Content Size,Requests/s,Failures/s,50%,66%,75%,80%,90%,95%,98%,99%,99.9%,99.99%,100%
POST,/pytorch/search [all],702,0,64,68.32987485322364,34.346305999861215,269.22395899964613,724.3433048433048,8.766696383224378,0.0,64,69,73,76,87,98,130,160,270,270,270
,Aggregated,702,0,64,68.32987485322364,34.346305999861215,269.22395899964613,724.3433048433048,8.766696383224378,0.0,64,69,73,76,87,98,130,160,270,270,270
