Type,Name,Request Count,Failure Count,Median Response Time,Average Response Time,Min Response Time,Max Response Time,Average Content Size,Requests/s,Failures/s,50%,66%,75%,80%,90%,95%,98%,99%,99.9%,99.99%,100%
POST,/onnx/search [all],702,0,43,44.317276998579196,20.153846000539488,109.17522300042037,722.1581196581196,8.770552701683558,0.0,43,47,51,54,60,67,73,77,110,110,110
,Aggregated,702,0,43,44.317276998579196,20.153846000539488,109.17522300042037,722.1581196581196,8.770552701683558,0.0,43,47,51,54,60,67,73,77,110,110,110
