Type,Name,Request Count,Failure Count,Median Response Time,Average Response Time,Min Response Time,Max Response Time,Average Content Size,Requests/s,Failures/s,50%,66%,75%,80%,90%,95%,98%,99%,99.9%,99.99%,100%
POST,/pytorch/search [all],702,0,41,45.827606011408456,27.97334699971543,269.2537759994593,720.9643874643874,8.768928338802638,0.0,41,44,47,49,57,76,140,150,270,270,270
,Aggregated,702,0,41,45.827606011408456,27.97334699971543,269.2537759994593,720.9643874643874,8.768928338802638,0.0,41,44,47,49,57,76,140,150,270,270,270
