Type,Name,Request Count,Failure Count,Median Response Time,Average Response Time,Min Response Time,Max Response Time,Average Content Size,Requests/s,Failures/s,50%,66%,75%,80%,90%,95%,98%,99%,99.9%,99.99%,100%
POST,/pytorch/search [all],625,0,50,193.53841715038578,28.197911000461318,16675.73706999974,725.408,7.813220328005692,0.0,50,67,83,98,120,130,190,7100,17000,17000,17000
,Aggregated,625,0,50,193.53841715038578,28.197911000461318,16675.73706999974,725.408,7.813220328005692,0.0,50,67,83,98,120,130,190,7100,17000,17000,17000
