Type,Name,Request Count,Failure Count,Median Response Time,Average Response Time,Min Response Time,Max Response Time,Average Content Size,Requests/s,Failures/s,50%,66%,75%,80%,90%,95%,98%,99%,99.9%,99.99%,100%
POST,/onnx/search [all],697,0,61,72.0325971564114,21.852307001609006,2193.2470640003885,717.9583931133429,8.704660251299787,0.0,61,69,75,78,91,100,110,120,2200,2200,2200
,Aggregated,697,0,61,72.0325971564114,21.852307001609006,2193.2470640003885,717.9583931133429,8.704660251299787,0.0,61,69,75,78,91,100,110,120,2200,2200,2200
