Type,Name,Request Count,Failure Count,Median Response Time,Average Response Time,Min Response Time,Max Response Time,Average Content Size,Requests/s,Failures/s,50%,66%,75%,80%,90%,95%,98%,99%,99.9%,99.99%,100%
POST,/onnx/search [all],700,0,37,45.58760438424152,21.82769899991399,2034.46570000051,722.3014285714286,8.759448486643455,0.0,37,40,43,44,50,56,68,85,2000,2000,2000
,Aggregated,700,0,37,45.58760438424152,21.82769899991399,2034.46570000051,722.3014285714286,8.759448486643455,0.0,37,40,43,44,50,56,68,85,2000,2000,2000
