Type,Name,Request Count,Failure Count,Median Response Time,Average Response Time,Min Response Time,Max Response Time,Average Content Size,Requests/s,Failures/s,50%,66%,75%,80%,90%,95%,98%,99%,99.9%,99.99%,100%
POST,/pytorch/search [all],702,0,42,50.7790259871684,28.35439699993003,257.2914039992611,729.1182336182336,8.76810854982281,0.0,42,48,54,56,76,98,130,160,260,260,260
,Aggregated,702,0,42,50.7790259871684,28.35439699993003,257.2914039992611,729.1182336182336,8.76810854982281,0.0,42,48,54,56,76,98,130,160,260,260,260
