Type,Name,Request Count,Failure Count,Median Response Time,Average Response Time,Min Response Time,Max Response Time,Average Content Size,Requests/s,Failures/s,50%,66%,75%,80%,90%,95%,98%,99%,99.9%,99.99%,100%
POST,/onnx/search [all],694,0,62,80.47179143518498,21.249882000120124,2734.637440998995,723.0533141210375,8.659495331162132,0.0,62,68,77,83,96,110,140,180,2700,2700,2700
,Aggregated,694,0,62,80.47179143518498,21.249882000120124,2734.637440998995,723.0533141210375,8.659495331162132,0.0,62,68,77,83,96,110,140,180,2700,2700,2700
