Type,Name,Request Count,Failure Count,Median Response Time,Average Response Time,Min Response Time,Max Response Time,Average Content Size,Requests/s,Failures/s,50%,66%,75%,80%,90%,95%,98%,99%,99.9%,99.99%,100%
POST,/pytorch/search [all],700,0,66,69.31614095569135,39.402723999955924,218.0975840001338,715.5671428571428,8.74170182089808,0.0,66,72,77,79,91,100,130,160,220,220,220
,Aggregated,700,0,66,69.31614095569135,39.402723999955924,218.0975840001338,715.5671428571428,8.74170182089808,0.0,66,72,77,79,91,100,130,160,220,220,220
