Type,Name,Request Count,Failure Count,Median Response Time,Average Response Time,Min Response Time,Max Response Time,Average Content Size,Requests/s,Failures/s,50%,66%,75%,80%,90%,95%,98%,99%,99.9%,99.99%,100%
POST,/pytorch/search [all],628,0,88,221.44776458280177,31.833286999244592,9393.136288001187,720.0254777070064,7.929389216593486,0.0,88,120,130,140,160,170,240,8400,9400,9400,9400
,Aggregated,628,0,88,221.44776458280177,31.833286999244592,9393.136288001187,720.0254777070064,7.929389216593486,0.0,88,120,130,140,160,170,240,8400,9400,9400,9400
