Type,Name,Request Count,Failure Count,Median Response Time,Average Response Time,Min Response Time,Max Response Time,Average Content Size,Requests/s,Failures/s,50%,66%,75%,80%,90%,95%,98%,99%,99.9%,99.99%,100%
POST,/onnx/search [all],701,0,38,42.31263635948366,21.358514999519684,2080.145251000431,722.1184022824536,8.756299923233804,0.0,38,41,43,45,49,56,64,80,2100,2100,2100
,Aggregated,701,0,38,42.31263635948366,21.358514999519684,2080.145251000431,722.1184022824536,8.756299923233804,0.0,38,41,43,45,49,56,64,80,2100,2100,2100
