Type,Name,Request Count,Failure Count,Median Response Time,Average Response Time,Min Response Time,Max Response Time,Average Content Size,Requests/s,Failures/s,50%,66%,75%,80%,90%,95%,98%,99%,99.9%,99.99%,100%
POST,/onnx/search [all],693,0,48,65.60772507935688,21.60267399995064,3116.4725119997456,716.2496392496392,8.656033004516852,0.0,48,52,57,60,68,77,88,110,3100,3100,3100
,Aggregated,693,0,48,65.60772507935688,21.60267399995064,3116.4725119997456,716.2496392496392,8.656033004516852,0.0,48,52,57,60,68,77,88,110,3100,3100,3100
