Type,Name,Request Count,Failure Count,Median Response Time,Average Response Time,Min Response Time,Max Response Time,Average Content Size,Requests/s,Failures/s,50%,66%,75%,80%,90%,95%,98%,99%,99.9%,99.99%,100%
POST,/pytorch/search [all],702,0,35,49.33996473790004,27.266577000773395,180.17416000111552,720.7435897435897,8.769094618455904,0.0,35,37,41,46,120,130,140,150,180,180,180
,Aggregated,702,0,35,49.33996473790004,27.266577000773395,180.17416000111552,720.7435897435897,8.769094618455904,0.0,35,37,41,46,120,130,140,150,180,180,180
