Type,Name,Request Count,Failure Count,Median Response Time,Average Response Time,Min Response Time,Max Response Time,Average Content Size,Requests/s,Failures/s,50%,66%,75%,80%,90%,95%,98%,99%,99.9%,99.99%,100%
POST,/pytorch/search [all],646,0,44,153.9276899783356,28.936167000210844,7749.570855999991,725.6811145510836,8.116977616168407,0.0,44,71,81,100,130,130,140,7200,7700,7700,7700
,Aggregated,646,0,44,153.9276899783356,28.936167000210844,7749.570855999991,725.6811145510836,8.116977616168407,0.0,44,71,81,100,130,130,140,7200,7700,7700,7700
