Type,Name,Request Count,Failure Count,Median Response Time,Average Response Time,Min Response Time,Max Response Time,Average Content Size,Requests/s,Failures/s,50%,66%,75%,80%,90%,95%,98%,99%,99.9%,99.99%,100%
POST,/pytorch/search [all],701,0,40,46.185873804516945,29.326623000088148,231.52651700002025,721.6504992867333,8.757203335583945,0.0,40,46,48,50,60,76,120,150,230,230,230
,Aggregated,701,0,40,46.185873804516945,29.326623000088148,231.52651700002025,721.6504992867333,8.757203335583945,0.0,40,46,48,50,60,76,120,150,230,230,230
