Type,Name,Request Count,Failure Count,Median Response Time,Average Response Time,Min Response Time,Max Response Time,Average Content Size,Requests/s,Failures/s,50%,66%,75%,80%,90%,95%,98%,99%,99.9%,99.99%,100%
POST,/onnx/search [all],697,0,40,54.66513799132935,20.631622999644605,2015.196765998553,721.3127690100431,8.719941844661422,0.0,40,43,46,49,55,62,71,90,2000,2000,2000
,Aggregated,697,0,40,54.66513799132935,20.631622999644605,2015.196765998553,721.3127690100431,8.719941844661422,0.0,40,43,46,49,55,62,71,90,2000,2000,2000
