Type,Name,Request Count,Failure Count,Median Response Time,Average Response Time,Min Response Time,Max Response Time,Average Content Size,Requests/s,Failures/s,50%,66%,75%,80%,90%,95%,98%,99%,99.9%,99.99%,100%
POST,/onnx/search [all],696,0,43,55.154593364887795,21.75568499842484,2386.7350010004884,720.7040229885057,8.693628632134754,0.0,43,49,53,56,64,70,83,91,2400,2400,2400
,Aggregated,696,0,43,55.154593364887795,21.75568499842484,2386.7350010004884,720.7040229885057,8.693628632134754,0.0,43,49,53,56,64,70,83,91,2400,2400,2400
