Type,Name,Request Count,Failure Count,Median Response Time,Average Response Time,Min Response Time,Max Response Time,Average Content Size,Requests/s,Failures/s,50%,66%,75%,80%,90%,95%,98%,99%,99.9%,99.99%,100%
POST,/pytorch/search [all],695,0,36,50.20901421580707,27.603077998719527,7290.413683000224,717.1568345323741,8.682334188931744,0.0,36,38,40,41,49,58,95,140,7300,7300,7300
,Aggregated,695,0,36,50.20901421580707,27.603077998719527,7290.413683000224,717.1568345323741,8.682334188931744,0.0,36,38,40,41,49,58,95,140,7300,7300,7300
